date,country_code,country,pay_transparency_pct,pay_transparency_pct_3ma
2020-01-01,AU,Australia,17.93656964219188,NA
2020-01-01,CA,Canada,18.058014873957696,NA
2020-01-01,DE,Germany,3.3269438782229135,NA
2020-01-01,FR,France,19.944472099333243,NA
2020-01-01,GB,United Kingdom,40.080400960634854,NA
2020-01-01,IE,Ireland,14.940689374888871,NA
2020-01-01,JP,Japan,92.53023005775731,NA
2020-01-01,US,United States,13.627185631192082,NA
2020-02-01,AU,Australia,18.824211485321467,NA
2020-02-01,CA,Canada,17.969867547108535,NA
2020-02-01,DE,Germany,3.336358614158314,NA
2020-02-01,FR,France,19.93720289778807,NA
2020-02-01,GB,United Kingdom,40.3694637367642,NA
2020-02-01,IE,Ireland,14.906100343504752,NA
2020-02-01,JP,Japan,92.74658047557233,NA
2020-02-01,US,United States,14.790267597925272,NA
2020-03-01,AU,Australia,18.966152197930967,18.57564444181477
2020-03-01,CA,Canada,17.78422768358906,17.937370034885095
2020-03-01,DE,Germany,3.5521960942071384,3.405166195529455
2020-03-01,FR,France,19.16923924284413,19.68363807998848
2020-03-01,GB,United Kingdom,40.166076789928674,40.20531382910924
2020-03-01,IE,Ireland,14.10778514312892,14.651524953840848
2020-03-01,JP,Japan,93.38261321681223,92.88647458338062
2020-03-01,US,United States,14.765583272378338,14.394345500498565
2020-04-01,AU,Australia,20.198553351189236,19.329639011480555
2020-04-01,CA,Canada,18.090258986586065,17.948118072427885
2020-04-01,DE,Germany,3.14807666138076,3.345543789915404
2020-04-01,FR,France,16.98345305961508,18.696631733415757
2020-04-01,GB,United Kingdom,43.2680907783507,41.26787710168119
2020-04-01,IE,Ireland,12.29921009383449,13.771031860156056
2020-04-01,JP,Japan,93.13643052983895,93.08854140740783
2020-04-01,US,United States,13.624267239739627,14.393372703347744
2020-05-01,AU,Australia,22.610217260015176,20.591640936378457
2020-05-01,CA,Canada,22.292698889083535,19.38906185308622
2020-05-01,DE,Germany,3.4434105305719034,3.381227762053267
2020-05-01,FR,France,19.02229892614508,18.391663742868094
2020-05-01,GB,United Kingdom,47.16873965904694,43.53430240910876
2020-05-01,IE,Ireland,16.587254318046458,14.331416518336622
2020-05-01,JP,Japan,92.41618185024379,92.97840853229832
2020-05-01,US,United States,17.479757521938343,15.289869344685435
2020-06-01,AU,Australia,22.450863352737745,21.75321132131405
2020-06-01,CA,Canada,25.325850680796417,21.90293618548867
2020-06-01,DE,Germany,3.876916163802967,3.4894677852518767
2020-06-01,FR,France,21.645942134135975,19.217231373298713
2020-06-01,GB,United Kingdom,49.93749662265613,46.79144235335124
2020-06-01,IE,Ireland,17.748893805309734,15.545119405730226
2020-06-01,JP,Japan,92.79351860714932,92.78204366241069
2020-06-01,US,United States,18.86420915188956,16.656077971189177
2020-07-01,AU,Australia,22.13379703218511,22.39829254831268
2020-07-01,CA,Canada,26.577142742227405,24.731897437369117
2020-07-01,DE,Germany,4.158408195835157,3.8262449634033424
2020-07-01,FR,France,23.770959149044867,21.47973340310864
2020-07-01,GB,United Kingdom,50.570338746649526,49.22552500945085
2020-07-01,IE,Ireland,17.600649204273928,17.312265775876707
2020-07-01,JP,Japan,92.80965549860521,92.67311865199945
2020-07-01,US,United States,19.65963054301577,18.667865738947892
2020-08-01,AU,Australia,22.243715671731547,22.276125352218134
2020-08-01,CA,Canada,28.669300714696615,26.857431379240143
2020-08-01,DE,Germany,4.2799622793596885,4.105095546332604
2020-08-01,FR,France,25.922358779010978,23.77975335406394
2020-08-01,GB,United Kingdom,50.68851274339716,50.39878270423426
2020-08-01,IE,Ireland,19.507614420446657,18.28571914334344
2020-08-01,JP,Japan,94.012624893281,93.20526633301183
2020-08-01,US,United States,20.982706565229513,19.835515420044946
2020-09-01,AU,Australia,22.756904112836317,22.378138938917658
2020-09-01,CA,Canada,29.603186921206476,28.283210126043496
2020-09-01,DE,Germany,4.599298582463054,4.345889685885967
2020-09-01,FR,France,28.42048307505844,26.03793366770476
2020-09-01,GB,United Kingdom,51.14741373062023,50.80208840688895
2020-09-01,IE,Ireland,20.508456916611674,19.20557351377742
2020-09-01,JP,Japan,94.43301335772976,93.75176458320531
2020-09-01,US,United States,21.636832951935197,20.759723353393493
2020-10-01,AU,Australia,24.600949667616334,23.200523150728063
2020-10-01,CA,Canada,29.096403931863975,29.12296385592235
2020-10-01,DE,Germany,4.532813352871898,4.470691404898214
2020-10-01,FR,France,29.36964073564143,27.904160863236942
2020-10-01,GB,United Kingdom,51.718313215077416,51.18474656303158
2020-10-01,IE,Ireland,19.86823972303452,19.96143702003095
2020-10-01,JP,Japan,94.32264034091487,94.2560928639752
2020-10-01,US,United States,22.29426818660841,21.63793590125771
2020-11-01,AU,Australia,26.419575494669335,24.59247642504066
2020-11-01,CA,Canada,28.60753047110381,29.10237377472475
2020-11-01,DE,Germany,4.57265529387094,4.568255743068631
2020-11-01,FR,France,27.440897676628285,28.410340495776044
2020-11-01,GB,United Kingdom,52.11787731364983,51.66120141978248
2020-11-01,IE,Ireland,21.44122054216047,20.605972393935556
2020-11-01,JP,Japan,94.26597821987502,94.34054397283988
2020-11-01,US,United States,20.902241396614997,21.611114178386202
2020-12-01,AU,Australia,25.709070485818593,25.57653188270142
2020-12-01,CA,Canada,27.567673854624108,28.423869419197292
2020-12-01,DE,Germany,4.104698498906605,4.4033890485498155
2020-12-01,FR,France,26.472006775327284,27.76084839586566
2020-12-01,GB,United Kingdom,50.38604309476664,51.40741120783128
2020-12-01,IE,Ireland,20.910162207126024,20.739874157440337
2020-12-01,JP,Japan,94.42029661162508,94.33630505747165
2020-12-01,US,United States,20.310822260153195,21.16911061445887
2021-01-01,AU,Australia,26.53187554647663,26.22017384232152
2021-01-01,CA,Canada,28.037557181176382,28.07092050230143
2021-01-01,DE,Germany,4.216413558214944,4.29792245033083
2021-01-01,FR,France,26.852924989478456,26.92194314714467
2021-01-01,GB,United Kingdom,51.099755609864474,51.20122533942697
2021-01-01,IE,Ireland,19.611606271550322,20.654329673612267
2021-01-01,JP,Japan,93.2675340481774,93.98460295989248
2021-01-01,US,United States,21.888341238820257,21.03380163186282
2021-02-01,AU,Australia,26.296632704104468,26.17919291213323
2021-02-01,CA,Canada,28.96168542488423,28.188972153561565
2021-02-01,DE,Germany,4.316860849701449,4.212657635607666
2021-02-01,FR,France,28.35344031700916,27.226124027271627
2021-02-01,GB,United Kingdom,51.10015351968327,50.86198407477144
2021-02-01,IE,Ireland,19.2864000991111,19.93605619259581
2021-02-01,JP,Japan,93.64281345198373,93.77688137059539
2021-02-01,US,United States,23.753649018774603,21.98427083924935
2021-03-01,AU,Australia,25.956090851977837,26.26153303418631
2021-03-01,CA,Canada,31.059002793532546,29.352748466531043
2021-03-01,DE,Germany,4.58021269279478,4.371162366903725
2021-03-01,FR,France,28.880489797953,28.0289517014802
2021-03-01,GB,United Kingdom,51.01981154322005,51.073240224255905
2021-03-01,IE,Ireland,17.842400508044033,18.91346895956848
2021-03-01,JP,Japan,93.1807426099432,93.36369670336809
2021-03-01,US,United States,26.35379413502269,23.99859479753918
2021-04-01,AU,Australia,25.68977177638442,25.980831777488905
2021-04-01,CA,Canada,31.402373715892967,30.474353978103238
2021-04-01,DE,Germany,4.6993147257721954,4.532129422756143
2021-04-01,FR,France,30.06929998651884,29.101076700493664
2021-04-01,GB,United Kingdom,51.81249483594769,51.310819966283645
2021-04-01,IE,Ireland,19.691801245199304,18.940200617451474
2021-04-01,JP,Japan,91.74304596454783,92.8555340088249
2021-04-01,US,United States,27.851766844714305,25.986403332837195
2021-05-01,AU,Australia,25.645449105347428,25.763770577903227
2021-05-01,CA,Canada,31.1441329755316,31.201836494985695
2021-05-01,DE,Germany,4.889748533394547,4.7230919839871754
2021-05-01,FR,France,31.46392116299023,30.137903649154023
2021-05-01,GB,United Kingdom,52.71552503696944,51.849277138712374
2021-05-01,IE,Ireland,22.16120207423135,19.898467942491557
2021-05-01,JP,Japan,92.72333127599082,92.54903995016059
2021-05-01,US,United States,28.0895719888138,27.431710989516926
2021-06-01,AU,Australia,24.415606374434628,25.25027575205549
2021-06-01,CA,Canada,31.24310952528363,31.26320540556939
2021-06-01,DE,Germany,5.16635567460198,4.918472977922909
2021-06-01,FR,France,32.3273294489559,31.286850199488317
2021-06-01,GB,United Kingdom,53.447629420491396,52.65854976446949
2021-06-01,IE,Ireland,23.4836959510237,21.77889975681811
2021-06-01,JP,Japan,93.64144159292468,92.70260627782109
2021-06-01,US,United States,26.7439261736376,27.561755002388566
2021-07-01,AU,Australia,25.063984256304106,25.041679912028723
2021-07-01,CA,Canada,31.954482142387846,31.44724154773435
2021-07-01,DE,Germany,5.567497300312703,5.207867169436411
2021-07-01,FR,France,33.29183140321874,32.36102733838828
2021-07-01,GB,United Kingdom,53.28380271837101,53.14898572527727
2021-07-01,IE,Ireland,24.779980366154007,23.474959463803014
2021-07-01,JP,Japan,92.78597640275457,93.05024975722334
2021-07-01,US,United States,26.530366533526262,27.12128823199255
2021-08-01,AU,Australia,24.960227790894443,24.81327280721106
2021-08-01,CA,Canada,32.21502025553132,31.80420397440092
2021-08-01,DE,Germany,5.789812082672471,5.507888352529053
2021-08-01,FR,France,33.64247548812928,33.087212113434624
2021-08-01,GB,United Kingdom,53.4663408593006,53.399257666054325
2021-08-01,IE,Ireland,25.90595986822402,24.723212061800567
2021-08-01,JP,Japan,92.51843174069052,92.98194991212324
2021-08-01,US,United States,24.24313901249303,25.839143906552295
2021-09-01,AU,Australia,24.984682583603444,25.002964876933998
2021-09-01,CA,Canada,31.39901749418887,31.856173297369335
2021-09-01,DE,Germany,6.291037041857188,5.882782141614122
2021-09-01,FR,France,35.34732641968758,34.09387777034519
2021-09-01,GB,United Kingdom,53.43256563866574,53.39423640544578
2021-09-01,IE,Ireland,27.279066457947916,25.988335564108638
2021-09-01,JP,Japan,94.91765157145254,93.4073532382992
2021-09-01,US,United States,24.091515045340408,24.95500686378656
2021-10-01,AU,Australia,26.457718168558113,25.467542847685333
2021-10-01,CA,Canada,30.317504716447758,31.310514155389303
2021-10-01,DE,Germany,6.791919578280793,6.2909229009368195
2021-10-01,FR,France,36.11002181802869,35.03327457528184
2021-10-01,GB,United Kingdom,53.874238746070944,53.591048414679086
2021-10-01,IE,Ireland,26.047343793008533,26.410790039726816
2021-10-01,JP,Japan,95.5765728015028,94.33755203788195
2021-10-01,US,United States,24.007441804095045,24.114031953976156
2021-11-01,AU,Australia,27.267971033749667,26.236790595303745
2021-11-01,CA,Canada,29.668003090607108,30.461508433747895
2021-11-01,DE,Germany,6.7879509514845555,6.623635857207515
2021-11-01,FR,France,35.446368534101396,35.634572257272545
2021-11-01,GB,United Kingdom,54.431258023911035,53.91268746954923
2021-11-01,IE,Ireland,25.498284650749337,26.27489830056859
2021-11-01,JP,Japan,95.73595401735288,95.41005946343607
2021-11-01,US,United States,23.13414042204996,23.744365757161802
2021-12-01,AU,Australia,26.573031365664075,26.766240189323955
2021-12-01,CA,Canada,28.6775988713371,29.554368892797303
2021-12-01,DE,Germany,6.543699598062641,6.707856709276
2021-12-01,FR,France,34.05607815518071,35.204156169103584
2021-12-01,GB,United Kingdom,54.06453175687881,54.12334284228692
2021-12-01,IE,Ireland,23.25036075036075,24.93199639803953
2021-12-01,JP,Japan,95.20965182386279,95.50739288090614
2021-12-01,US,United States,23.24912075952207,23.463567661889027
2022-01-01,AU,Australia,26.27612778506191,26.70571006149189
2022-01-01,CA,Canada,27.997106030130126,28.78090266402476
2022-01-01,DE,Germany,6.901555905740006,6.744402151762404
2022-01-01,FR,France,33.83928677925489,34.447244489512315
2022-01-01,GB,United Kingdom,55.16461381913172,54.55346786664051
2022-01-01,IE,Ireland,23.82215743440233,24.19026761183746
2022-01-01,JP,Japan,94.88918224538517,95.27826269553357
2022-01-01,US,United States,23.25780237205894,23.213687851210324
2022-02-01,AU,Australia,26.6768999969068,26.508686382544266
2022-02-01,CA,Canada,29.976491610947146,28.883732170804773
2022-02-01,DE,Germany,6.9349454244820645,6.7934003094282405
2022-02-01,FR,France,34.136606884396755,34.010657272944094
2022-02-01,GB,United Kingdom,55.818504884558386,55.015883486856296
2022-02-01,IE,Ireland,25.2345001143903,24.102339433051114
2022-02-01,JP,Japan,94.36664780446343,94.82182729123708
2022-02-01,US,United States,24.211838170014925,23.572920433865317
2022-03-01,AU,Australia,27.294690274905193,26.7492393522913
2022-03-01,CA,Canada,32.04722363563533,30.00694042557085
2022-03-01,DE,Germany,7.448330461880971,7.094943930701017
2022-03-01,FR,France,34.37607873169728,34.11732413178296
2022-03-01,GB,United Kingdom,56.450444798801826,55.81118783416397
2022-03-01,IE,Ireland,26.131599427610276,25.062752325467624
2022-03-01,JP,Japan,95.24428737120952,94.833372473686
2022-03-01,US,United States,25.71933040333438,24.39632364846942
2022-04-01,AU,Australia,27.215010963320623,27.062200411710876
2022-04-01,CA,Canada,32.60126210742589,31.541659118002773
2022-04-01,DE,Germany,7.965753569496638,7.449676485286562
2022-04-01,FR,France,34.68183430116583,34.39817330575327
2022-04-01,GB,United Kingdom,56.6291368666521,56.29936218333742
2022-04-01,IE,Ireland,27.655271902934132,26.340457148311557
2022-04-01,JP,Japan,95.10783191490518,94.90625569685933
2022-04-01,US,United States,26.304570919978598,25.411913164442637
2022-05-01,AU,Australia,28.109633068476032,27.539778102233953
2022-05-01,CA,Canada,33.495909131963586,32.71479829167492
2022-05-01,DE,Germany,7.779604791002817,7.731229607460146
2022-05-01,FR,France,35.059411445132405,34.70577482599848
2022-05-01,GB,United Kingdom,57.37506157563976,56.81821441369788
2022-05-01,IE,Ireland,28.61126181253864,27.46604438102767
2022-05-01,JP,Japan,95.50649901976502,95.28620610195986
2022-05-01,US,United States,26.200925098823845,26.074942140712277
2022-06-01,AU,Australia,28.349273434771412,27.891305822189363
2022-06-01,CA,Canada,33.2990889727858,33.132086737391745
2022-06-01,DE,Germany,8.23218922312384,7.992515861207768
2022-06-01,FR,France,36.35860677660436,35.366617507634174
2022-06-01,GB,United Kingdom,58.255757789133845,57.41998541047521
2022-06-01,IE,Ireland,29.392660381576007,28.55306469901625
2022-06-01,JP,Japan,96.08732515284719,95.56721869583909
2022-06-01,US,United States,26.770724107242472,26.42540670868164
2022-07-01,AU,Australia,28.915461391761905,28.45812263166979
2022-07-01,CA,Canada,33.064669280695284,33.28655579514821
2022-07-01,DE,Germany,8.787988835238483,8.266594283121716
2022-07-01,FR,France,35.483914626388945,35.63397761604188
2022-07-01,GB,United Kingdom,59.13970395009967,58.256841104957736
2022-07-01,IE,Ireland,30.533820442214893,29.512580878776504
2022-07-01,JP,Japan,96.59361568075472,96.06247995112228
2022-07-01,US,United States,27.78976006488612,26.920469756984147
2022-08-01,AU,Australia,29.97354443928348,29.079426421938944
2022-08-01,CA,Canada,34.38543894873324,33.58306573407143
2022-08-01,DE,Germany,9.266934641873913,8.762370900078748
2022-08-01,FR,France,38.13393033225326,36.65881724508216
2022-08-01,GB,United Kingdom,59.049835494982474,58.815099078071974
2022-08-01,IE,Ireland,32.939577670917835,30.955352831569567
2022-08-01,JP,Japan,96.57342515778109,96.41812199712767
2022-08-01,US,United States,29.398751242483574,27.986411804870723
2022-09-01,AU,Australia,29.24101060619126,29.376672145745555
2022-09-01,CA,Canada,34.065646489125065,33.838584906184515
2022-09-01,DE,Germany,9.640062556344759,9.231662011152387
2022-09-01,FR,France,40.35258139953229,37.99014211939147
2022-09-01,GB,United Kingdom,59.21887256479248,59.13613733662485
2022-09-01,IE,Ireland,33.00100975241893,32.15813595518387
2022-09-01,JP,Japan,96.72216667118961,96.62973583657514
2022-09-01,US,United States,29.659352470920457,28.949287926096716
2022-10-01,AU,Australia,30.3387805826847,29.851111876053153
2022-10-01,CA,Canada,33.232501357997016,33.89452893195176
2022-10-01,DE,Germany,10.108189051670449,9.671728749963043
2022-10-01,FR,France,41.01359795409966,39.83336989529504
2022-10-01,GB,United Kingdom,59.77399729009289,59.34756844995593
2022-10-01,IE,Ireland,32.97474460464932,32.971777342662016
2022-10-01,JP,Japan,96.75469866411458,96.68343016436175
2022-10-01,US,United States,31.532950529409497,30.197018080937838
2022-11-01,AU,Australia,30.84236579922549,30.140718996033826
2022-11-01,CA,Canada,33.350172011777715,33.54943995296659
2022-11-01,DE,Germany,10.571870369177244,10.10670732573082
2022-11-01,FR,France,41.64507738555959,41.00375224639715
2022-11-01,GB,United Kingdom,60.115499738512156,59.70278986446582
2022-11-01,IE,Ireland,33.809688821124126,33.26181439273079
2022-11-01,JP,Japan,96.72641410155828,96.73442647895415
2022-11-01,US,United States,32.065933248706095,31.086078749678677
2022-12-01,AU,Australia,31.434118766957276,30.871755049622504
2022-12-01,CA,Canada,34.069437446024445,33.550703605266385
2022-12-01,DE,Germany,10.697020888854842,10.459026769900847
2022-12-01,FR,France,43.49656428763934,42.05174654243283
2022-12-01,GB,United Kingdom,60.98463197021847,60.29137633294115
2022-12-01,IE,Ireland,34.25308134757601,33.67917159111648
2022-12-01,JP,Japan,95.99326175640843,96.49145817402707
2022-12-01,US,United States,32.409011038358535,32.002631605491366
2023-01-01,AU,Australia,32.86689364853226,31.714459404905018
2023-01-01,CA,Canada,36.36460016088186,34.594736539561325
2023-01-01,DE,Germany,11.34181310295024,10.87023478699411
2023-01-01,FR,France,40.65679644772487,41.93281270697457
2023-01-01,GB,United Kingdom,61.83341808155682,60.97784993009579
2023-01-01,IE,Ireland,35.890666943509274,34.6511457040698
2023-01-01,JP,Japan,96.03034268815368,96.25000618204011
2023-01-01,US,United States,34.369502556341395,32.948148947802
2023-02-01,AU,Australia,32.43460455799264,32.245205657827405
2023-02-01,CA,Canada,37.18446844268433,35.87283534986353
2023-02-01,DE,Germany,10.975252757975767,11.004695583260286
2023-02-01,FR,France,40.6178619578573,41.59040756440715
2023-02-01,GB,United Kingdom,61.9074968640743,61.57518230528317
2023-02-01,IE,Ireland,36.472760849492154,35.53883638019247
2023-02-01,JP,Japan,95.37255777151088,95.79872073869099
2023-02-01,US,United States,35.24691351825275,34.00847570431754
2023-03-01,AU,Australia,32.65312367320866,32.65154062657786
2023-03-01,CA,Canada,38.86210320506915,37.47039060287843
2023-03-01,DE,Germany,11.565920805475809,11.294328888800608
2023-03-01,FR,France,40.1343974662171,40.469685290599735
2023-03-01,GB,United Kingdom,63.25006069769783,62.33032521444297
2023-03-01,IE,Ireland,37.31302536101732,36.558817718006246
2023-03-01,JP,Japan,96.10782679070124,95.83690908345527
2023-03-01,US,United States,37.70850224291788,35.77497277250399
2023-04-01,AU,Australia,31.33195783730587,32.13989535616907
2023-04-01,CA,Canada,39.505056039580325,38.51720922911125
2023-04-01,DE,Germany,11.021262388130197,11.187478650527261
2023-04-01,FR,France,40.38501221529879,40.37909054645771
2023-04-01,GB,United Kingdom,61.63978954690752,62.26578236955987
2023-04-01,IE,Ireland,36.97476445817807,36.920183556229176
2023-04-01,JP,Japan,95.68024238539157,95.72020898253457
2023-04-01,US,United States,38.01971604777487,36.99171060298182
2023-05-01,AU,Australia,32.18643352729126,32.05717167926861
2023-05-01,CA,Canada,40.142051800943506,39.503070348530976
2023-05-01,DE,Germany,11.752154739340353,11.446445977648791
2023-05-01,FR,France,41.02560292297019,40.51500420149534
2023-05-01,GB,United Kingdom,62.32464994485542,62.404833396486914
2023-05-01,IE,Ireland,37.205719932569906,37.16450325058843
2023-05-01,JP,Japan,96.5008013711944,96.09629018242909
2023-05-01,US,United States,38.81489482816496,38.1810377062859
2023-06-01,AU,Australia,32.48685282413707,32.00174806291142
2023-06-01,CA,Canada,39.20506382925863,39.61739055659414
2023-06-01,DE,Germany,12.61566666305067,11.796361263507075
2023-06-01,FR,France,41.35009940339911,40.920238180556005
2023-06-01,GB,United Kingdom,62.33731589144056,62.1005851277345
2023-06-01,IE,Ireland,35.62298030850538,36.60115489975112
2023-06-01,JP,Japan,96.45409886138579,96.21171420599062
2023-06-01,US,United States,38.82052027050864,38.55171038214948
2023-07-01,AU,Australia,31.67897604732436,32.117420799584245
2023-07-01,CA,Canada,39.52543077917791,39.62418213646
2023-07-01,DE,Germany,13.152806326281436,12.506875909557488
2023-07-01,FR,France,41.110031633611726,41.161911319993656
2023-07-01,GB,United Kingdom,62.735060807169994,62.46567554782198
2023-07-01,IE,Ireland,35.67693397658648,36.1685447392206
2023-07-01,JP,Japan,96.2584370844046,96.40444577232829
2023-07-01,US,United States,39.530062656858874,39.055159251844145
2023-08-01,AU,Australia,31.40548117276633,31.85710334807594
2023-08-01,CA,Canada,40.89364984045121,39.8747148162959
2023-08-01,DE,Germany,13.594886362116604,13.121119783816239
2023-08-01,FR,France,43.03141534091081,41.8305154593072
2023-08-01,GB,United Kingdom,63.371596534293,62.81465774430117
2023-08-01,IE,Ireland,37.2787917339466,36.192902006346166
2023-08-01,JP,Japan,95.70161691167809,96.13805095248954
2023-08-01,US,United States,40.69604167736214,39.682208201576536
2023-09-01,AU,Australia,30.244606203685485,31.10968780792541
2023-09-01,CA,Canada,40.512541957826855,40.31054085915198
2023-09-01,DE,Germany,13.544053850500228,13.430582179632758
2023-09-01,FR,France,43.92638513231963,42.689277368947366
2023-09-01,GB,United Kingdom,63.628088622551736,63.244915321338226
2023-09-01,IE,Ireland,38.11600385520848,37.02390985524719
2023-09-01,JP,Japan,95.90093077010971,95.95366158873084
2023-09-01,US,United States,41.20708242272214,40.477728918981036
2023-10-01,AU,Australia,30.246007693710435,30.632031690054106
2023-10-01,CA,Canada,39.987781343320385,40.46465771386614
2023-10-01,DE,Germany,13.123902978370532,13.420947730329123
2023-10-01,FR,France,44.2396951043036,43.732498525844655
2023-10-01,GB,United Kingdom,63.77586637622079,63.591850511021825
2023-10-01,IE,Ireland,37.25045222825194,37.54841593913567
2023-10-01,JP,Japan,95.1540162897151,95.58552132383436
2023-10-01,US,United States,42.1190679275207,41.34073067586832
2023-11-01,AU,Australia,31.48005206787093,30.656888655088974
2023-11-01,CA,Canada,40.69650184296544,40.398941714704215
2023-11-01,DE,Germany,12.775980057117414,13.14797896199606
2023-11-01,FR,France,43.34389488645978,43.83665837436098
2023-11-01,GB,United Kingdom,63.41366173473908,63.605872244503864
2023-11-01,IE,Ireland,37.36079383209594,37.575749971852126
2023-11-01,JP,Japan,94.62222896941915,95.22572534308138
2023-11-01,US,United States,41.84498828330418,41.723712877849
2023-12-01,AU,Australia,30.73163332378272,30.81923102845472
2023-12-01,CA,Canada,39.66188973752616,40.11539097460398
2023-12-01,DE,Germany,12.4831767606103,12.794353265366084
2023-12-01,FR,France,41.97628618538705,43.18662539205011
2023-12-01,GB,United Kingdom,62.468454953217666,63.219327688059174
2023-12-01,IE,Ireland,35.47404012991058,36.695095396752826
2023-12-01,JP,Japan,94.68310441833526,94.81978322582323
2023-12-01,US,United States,41.612416683082145,41.858824297969
2024-01-01,AU,Australia,31.188160365975214,31.133281919209647
2024-01-01,CA,Canada,41.606985482139045,40.65512568754354
2024-01-01,DE,Germany,12.776442342754956,12.678533053494226
2024-01-01,FR,France,42.42542278981307,42.58186795388661
2024-01-01,GB,United Kingdom,64.2171998363034,63.36643884142004
2024-01-01,IE,Ireland,36.65531218481798,36.496715382274836
2024-01-01,JP,Japan,94.67347683327253,94.65960340700904
2024-01-01,US,United States,41.640515211336336,41.69930672590754
2024-02-01,AU,Australia,30.876778177270598,30.93219062234287
2024-02-01,CA,Canada,42.61069270106927,41.29318930691148
2024-02-01,DE,Germany,12.826930462304503,12.695516521889921
2024-02-01,FR,France,42.71172450188938,42.37114449236314
2024-02-01,GB,United Kingdom,63.799666330977075,63.49510704016603
2024-02-01,IE,Ireland,36.434151889765246,36.18783473483128
2024-02-01,JP,Japan,95.25199119435193,94.8695241486533
2024-02-01,US,United States,42.355148379869945,41.86936009142946
2024-03-01,AU,Australia,30.372455165630313,30.8124645696254
2024-03-01,CA,Canada,42.86093883593599,42.359539006381425
2024-03-01,DE,Germany,13.199992028455462,12.934454944504976
2024-03-01,FR,France,42.37637646816748,42.50450791995662
2024-03-01,GB,United Kingdom,63.79719087440123,63.938019013893886
2024-03-01,IE,Ireland,35.64518529543087,36.24488312333804
2024-03-01,JP,Japan,95.551206298056,95.15889144189354
2024-03-01,US,United States,43.36849419552415,42.454719262243465
2024-04-01,AU,Australia,30.076652036842432,30.44196179324781
2024-04-01,CA,Canada,43.02484167791455,42.8321577383066
2024-04-01,DE,Germany,12.26485179634217,12.763924762367381
2024-04-01,FR,France,40.98113049571007,42.02307715525563
2024-04-01,GB,United Kingdom,62.860098815815114,63.48565200706446
2024-04-01,IE,Ireland,35.32269125266687,35.80067614595435
2024-04-01,JP,Japan,96.05216365981893,95.61845371740901
2024-04-01,US,United States,43.49174688162828,43.07179648567412
2024-05-01,AU,Australia,31.314609646747748,30.58790561640686
2024-05-01,CA,Canada,43.01284063199501,42.96620704861518
2024-05-01,DE,Germany,12.121389607388107,12.52874447739525
2024-05-01,FR,France,41.270240057161956,41.54258234034648
2024-05-01,GB,United Kingdom,62.74081513583178,63.1327016086827
2024-05-01,IE,Ireland,35.82624106928572,35.5980392057945
2024-05-01,JP,Japan,96.46086979669573,96.02141325152361
2024-05-01,US,United States,44.33969016552092,43.73331041422444
2024-06-01,AU,Australia,31.48799867314201,30.95975345224409
2024-06-01,CA,Canada,42.65022939007571,42.89597056666175
2024-06-01,DE,Germany,11.53176283898178,11.972668080904022
2024-06-01,FR,France,41.724149053326144,41.32517320206603
2024-06-01,GB,United Kingdom,63.47597126941196,63.02562840701961
2024-06-01,IE,Ireland,35.11620700340874,35.42171310845379
2024-06-01,JP,Japan,96.83324449796046,96.44875931815842
2024-06-01,US,United States,44.732901078143676,44.18811270843096
2024-07-01,AU,Australia,31.98990379938665,31.59750403975883
2024-07-01,CA,Canada,42.87138754997536,42.84481919068202
2024-07-01,DE,Germany,11.855431659930856,11.83619470210025
2024-07-01,FR,France,43.52158810551648,42.17199240533484
2024-07-01,GB,United Kingdom,63.9101872558025,63.3756578870154
2024-07-01,IE,Ireland,34.75811029581818,35.23351945617089
2024-07-01,JP,Japan,97.41347599069498,96.90253009511711
2024-07-01,US,United States,45.857340423732275,44.97664388913228
2024-08-01,AU,Australia,32.844887458548946,32.10759664369257
2024-08-01,CA,Canada,42.53250069170163,42.684705877250884
2024-08-01,DE,Germany,11.933987172800977,11.773727223904539
2024-08-01,FR,France,44.62835021315653,43.29136245733304
2024-08-01,GB,United Kingdom,63.76961706987117,63.718591865028536
2024-08-01,IE,Ireland,35.39798853591451,35.09076861171382
2024-08-01,JP,Japan,97.4775200245749,97.24141350441016
2024-08-01,US,United States,46.34434069320443,45.644860731693456
2024-09-01,AU,Australia,33.008950414116306,32.614580557350656
2024-09-01,CA,Canada,41.811695782055125,42.40519467457736
2024-09-01,DE,Germany,12.490737507880969,12.093385446870935
2024-09-01,FR,France,45.77218637359439,44.640708230755784
2024-09-01,GB,United Kingdom,64.3523513359142,64.01071855386262
2024-09-01,IE,Ireland,36.25578121858034,35.47062668343768
2024-09-01,JP,Japan,97.18810669548783,97.35970090358596
2024-09-01,US,United States,46.448870157654554,46.21685042486376
2024-10-01,AU,Australia,33.86407951681172,33.23930579649235
2024-10-01,CA,Canada,40.47501805208732,41.60640484194801
2024-10-01,DE,Germany,12.708702289550816,12.377808990077588
2024-10-01,FR,France,45.230030914413696,45.21018916705486
2024-10-01,GB,United Kingdom,63.82838385788763,63.98345075455766
2024-10-01,IE,Ireland,35.96201978467284,35.871929846389236
2024-10-01,JP,Japan,97.48730537568461,97.38431069858251
2024-10-01,US,United States,46.22932290158672,46.34084458414858
2024-11-01,AU,Australia,34.435727277683334,33.769585736203815
2024-11-01,CA,Canada,42.245343115991425,41.510685650044614
2024-11-01,DE,Germany,12.634515743324034,12.611318513585273
2024-11-01,FR,France,45.052121916095274,45.351446401367774
2024-11-01,GB,United Kingdom,63.0720006836236,63.7509119591418
2024-11-01,IE,Ireland,36.83380569821212,36.3505355671551
2024-11-01,JP,Japan,97.7495337734002,97.47498194819093
2024-11-01,US,United States,45.56205907102365,46.08008404342164
2024-12-01,AU,Australia,34.219676462051524,34.17316108551555
2024-12-01,CA,Canada,42.20038128306184,41.64024748371352
2024-12-01,DE,Germany,12.664731564201706,12.669316532358854
2024-12-01,FR,France,45.428474206082285,45.23687567886373
2024-12-01,GB,United Kingdom,62.151536471292566,63.01730700426793
2024-12-01,IE,Ireland,35.75024653552707,36.18202400613735
2024-12-01,JP,Japan,97.967983733902,97.73494096099564
2024-12-01,US,United States,45.62639671230663,45.80592622830568
2025-01-01,AU,Australia,35.18418944573078,34.61319772848858
2025-01-01,CA,Canada,44.60453053599186,43.01675164501504
2025-01-01,DE,Germany,12.967176468752006,12.755474592092584
2025-01-01,FR,France,48.09431724237087,46.19163778818279
2025-01-01,GB,United Kingdom,64.0312300723261,63.084922409080754
2025-01-01,IE,Ireland,37.64984330827727,36.74463184733883
2025-01-01,JP,Japan,97.61693627145436,97.77815125958557
2025-01-01,US,United States,47.689334478090004,46.29259675380678
2025-02-01,AU,Australia,35.198017245830535,34.867294384537644
2025-02-01,CA,Canada,45.970681303427355,44.258531040827016
2025-02-01,DE,Germany,12.960686191564813,12.864198074839512
2025-02-01,FR,France,45.756177667755864,46.42632303873632
2025-02-01,GB,United Kingdom,64.11038501560874,63.43105051974248
2025-02-01,IE,Ireland,37.05261781245913,36.81756921875451
2025-02-01,JP,Japan,96.80593298617154,97.46361766384268
2025-02-01,US,United States,48.52117295761888,47.27896804933852
2025-03-01,AU,Australia,33.51719935279161,34.63313534811767
2025-03-01,CA,Canada,46.1675680655829,45.5809266350007
2025-03-01,DE,Germany,12.939029925695067,12.955630862003966
2025-03-01,FR,France,44.6388670207688,46.16312064363183
2025-03-01,GB,United Kingdom,62.521360204928754,63.55432509762121
2025-03-01,IE,Ireland,36.11087199793406,36.93777770622351
2025-03-01,JP,Japan,96.820908255615,97.08125917108036
2025-03-01,US,United States,48.60614625434761,48.272217896685525
2025-04-01,AU,Australia,31.112564700528978,33.275927099717066
2025-04-01,CA,Canada,45.10302583884162,45.74709173595061
2025-04-01,DE,Germany,12.908052074944562,12.935922730734818
2025-04-01,FR,France,42.41977428017813,44.271606322900915
2025-04-01,GB,United Kingdom,59.37418454323037,62.00197658792263
2025-04-01,IE,Ireland,35.92557566693792,36.363021825777054
2025-04-01,JP,Japan,96.5155743816702,96.71413854115231
2025-04-01,US,United States,48.65333152029921,48.59355024408859
2025-05-01,AU,Australia,31.53324919700359,32.05433775010809
2025-05-01,CA,Canada,45.050822176741775,45.44047202705542
2025-05-01,DE,Germany,12.649377041341628,12.832153013993759
2025-05-01,FR,France,41.58711388850527,42.881918396484046
2025-05-01,GB,United Kingdom,58.4217193497856,60.10575469931492
2025-05-01,IE,Ireland,35.51821950687323,35.85155572391509
2025-05-01,JP,Japan,96.53632547269082,96.62426936999206
2025-05-01,US,United States,48.97828302202454,48.74592026555714
2025-06-01,AU,Australia,31.283353816741773,31.30972257142481
2025-06-01,CA,Canada,44.704962569071895,44.952936861551755
2025-06-01,DE,Germany,12.426700868835924,12.661376661707378
2025-06-01,FR,France,42.52316429997034,42.176684156217895
2025-06-01,GB,United Kingdom,57.987723825838046,58.59454257295135
2025-06-01,IE,Ireland,34.57157678688228,35.338457320231164
2025-06-01,JP,Japan,96.49300466838523,96.51496817424879
2025-06-01,US,United States,48.094945520995324,48.57552002110638
2025-07-01,AU,Australia,30.991615323075006,31.269406112273487
2025-07-01,CA,Canada,44.42266484137007,44.72614986239457
2025-07-01,DE,Germany,13.389902737390955,12.821993549189507
2025-07-01,FR,France,43.411882134663806,42.50738677437979
2025-07-01,GB,United Kingdom,57.76310590641508,58.05751636067958
2025-07-01,IE,Ireland,34.524517251249534,34.87143784833504
2025-07-01,JP,Japan,96.59471584520908,96.54134866209507
2025-07-01,US,United States,48.490049464825866,48.52109266928193
2025-08-01,AU,Australia,30.066981146232997,30.780650095349955
2025-08-01,CA,Canada,45.259748953650146,44.79579212136403
2025-08-01,DE,Germany,14.226664698806454,13.347756101677781
2025-08-01,FR,France,44.805563228962136,43.58020322119874
2025-08-01,GB,United Kingdom,57.064659307400255,57.6051630132178
2025-08-01,IE,Ireland,36.520093122429884,35.205395720187255
2025-08-01,JP,Japan,96.4798682442682,96.5225295859542
2025-08-01,US,United States,49.04790633538624,48.5443004404025
2025-09-01,AU,Australia,30.680155780483947,30.579584083264013
2025-09-01,CA,Canada,45.77287236503261,45.15176205335094
2025-09-01,DE,Germany,14.811583751109868,14.142717062435764
2025-09-01,FR,France,45.75884626632252,44.65876387664946
2025-09-01,GB,United Kingdom,57.34553431362125,57.391099842478866
2025-09-01,IE,Ireland,37.51530114732671,36.186637173668736
2025-09-01,JP,Japan,96.53589000003025,96.53682469650255
2025-09-01,US,United States,49.348124674288066,48.96202682483342
2025-10-01,AU,Australia,31.885785154395453,30.877640693704162
2025-10-01,CA,Canada,46.14184066208779,45.724820660256846
2025-10-01,DE,Germany,15.001107932110605,14.679785460675648
2025-10-01,FR,France,44.622225271449274,45.06221158891128
2025-10-01,GB,United Kingdom,57.547157797551776,57.31911713952443
2025-10-01,IE,Ireland,38.28733191790516,37.44090872922061
2025-10-01,JP,Japan,96.68315967113968,96.56630597181275
2025-10-01,US,United States,49.99014161142273,49.46205754036571
2025-11-01,AU,Australia,31.97816761766015,31.514702850846543
2025-11-01,CA,Canada,46.22382561547603,46.04617954753214
2025-11-01,DE,Germany,13.860928033424614,14.557873238881703
2025-11-01,FR,France,43.049508085816896,44.47685987452954
2025-11-01,GB,United Kingdom,57.2488682396356,57.38052011693622
2025-11-01,IE,Ireland,37.62778726577346,37.810140110335134
2025-11-01,JP,Japan,96.68511601877955,96.63472189664985
2025-11-01,US,United States,49.59786761656376,49.645377967424885
2025-12-01,AU,Australia,30.689920061454256,31.51795761116998
2025-12-01,CA,Canada,47.127591452165404,46.4977525765764
2025-12-01,DE,Germany,12.955703187904302,13.93924638447985
2025-12-01,FR,France,42.3006902900954,43.324141215787165
2025-12-01,GB,United Kingdom,55.21948734591928,56.67183779436889
2025-12-01,IE,Ireland,34.68908221208985,36.86806713192285
2025-12-01,JP,Japan,96.67948425205692,96.68258664732541
2025-12-01,US,United States,49.499552197865754,49.69585380861744
2026-01-01,AU,Australia,30.61410717525641,31.094064951456968
2026-01-01,CA,Canada,51.48728124857212,48.27956610540451
2026-01-01,DE,Germany,12.65425132229378,13.15696084787424
2026-01-01,FR,France,43.46537978823072,42.938526054714316
2026-01-01,GB,United Kingdom,55.78688573854117,56.085080441365356
2026-01-01,IE,Ireland,38.69505494505495,37.003974807639445
2026-01-01,JP,Japan,96.22259146338952,96.52906391140868
2026-01-01,US,United States,49.33635451180703,49.47792477541221
2026-02-01,AU,Australia,30.71568528818561,30.673237508298786
2026-02-01,CA,Canada,54.49100618386338,51.03529296153363
2026-02-01,DE,Germany,12.738027588500609,12.782660699566238
2026-02-01,FR,France,43.780877778455476,43.1823159522605
2026-02-01,GB,United Kingdom,55.65745555656345,55.55460954700796
2026-02-01,IE,Ireland,38.38680068951622,37.25697928222036
2026-02-01,JP,Japan,96.15628290786543,96.35278620777065
2026-02-01,US,United States,49.94566516963598,49.59385729310295
2026-03-01,AU,Australia,31.07009469651334,30.799962386651814
2026-03-01,CA,Canada,56.25080577494943,54.07636440246163
2026-03-01,DE,Germany,13.313727434622901,12.902002115139103
2026-03-01,FR,France,41.17262635297707,42.80629463988773
2026-03-01,GB,United Kingdom,57.18124770351372,56.20852966620611
2026-03-01,IE,Ireland,39.09527532670613,38.72571032042578
2026-03-01,JP,Japan,96.55066430098213,96.30984622407907
2026-03-01,US,United States,49.99650460019037,49.75950809387782
2026-04-01,AU,Australia,28.55518190821335,30.11365396430413
2026-04-01,CA,Canada,55.31564054815241,55.35248416898839
2026-04-01,DE,Germany,13.388444664990018,13.146733229371181
2026-04-01,FR,France,37.38177321513685,40.77842578218978
2026-04-01,GB,United Kingdom,57.97623559580353,56.93831295196023
2026-04-01,IE,Ireland,36.702620185690336,38.06156540063758
2026-04-01,JP,Japan,96.53865135512373,96.41519952132381
2026-04-01,US,United States,49.696483225065116,49.879550998297184
2026-05-01,AU,Australia,29.237867854172816,29.621048152966534
2026-05-01,CA,Canada,55.983828140170665,55.85009148775748
2026-05-01,DE,Germany,13.82927369611604,13.51048193190966
2026-05-01,FR,France,37.031397990639334,38.528599186251064
2026-05-01,GB,United Kingdom,59.00865172983883,58.05537834305202
2026-05-01,IE,Ireland,35.72074334505274,37.172879619149754
2026-05-01,JP,Japan,96.97389945208505,96.68773836939702
2026-05-01,US,United States,49.4339235734993,49.70897046625162
2026-06-01,AU,Australia,30.037505620151727,29.276851794179333
2026-06-01,CA,Canada,57.379976342901514,56.226481677074844
2026-06-01,DE,Germany,13.928224145322233,13.715314168809437
2026-06-01,FR,France,41.14590642195059,38.51969254257558
2026-06-01,GB,United Kingdom,59.3222272934733,58.76903820637188
2026-06-01,IE,Ireland,36.35293488148108,36.258766137408074
2026-06-01,JP,Japan,97.09098248038066,96.86784442919652
2026-06-01,US,United States,49.9428762085278,49.69109433569742
2026-07-01,AU,Australia,29.54131227217497,29.605561915499873
2026-07-01,CA,Canada,56.95145535018149,56.77175327775121
2026-07-01,DE,Germany,14.085417294191915,13.947638378543402
2026-07-01,FR,France,43.252860033389496,40.47672148199313
2026-07-01,GB,United Kingdom,59.61887835292994,59.316585792080694
2026-07-01,IE,Ireland,37.225228271897194,36.43296883281036
2026-07-01,JP,Japan,96.840738481418,96.96854013796128
2026-07-01,US,United States,50.38548916056836,49.92076298086517
